lines,bytes,functions,max_function_lines,except_exception,ast_branch_nodes,path
30786,1672462,767,732,350,8049,page_api.py
20378,961278,583,765,325,4924,main.py
18280,905299,580,276,82,5262,daily_state.py
17637,876465,443,525,180,4789,proactive_message.py
10686,538919,284,286,36,2992,user_memory.py
10568,537746,263,666,47,2956,proactive_engine.py
8947,433294,168,1165,113,2101,llm_tool_actions.py
6202,303184,196,541,127,1782,private_image.py
6176,285517,211,604,105,1841,event_dispatch.py
5994,293018,164,310,89,1597,tts_enhancement.py
5961,351109,135,555,59,1552,command_handlers.py
5781,261743,165,188,56,1422,core_store.py
4901,236608,140,288,57,1425,news_exploration.py
4695,229664,101,203,21,1371,group_observation.py
4457,214127,162,161,32,1044,proactive.py
3602,167114,89,162,114,922,memory_companion_adapter.py
2369,120162,55,181,0,590,unified_person_registry.py
2306,118593,57,158,12,626,creative.py
2287,134475,6,2156,8,463,daily_state_tick.py
2254,111833,67,259,36,740,forward_message.py
2211,138676,17,399,5,176,plugin_bootstrap.py
2114,104723,8,1139,23,478,message_pipeline.py
2067,112340,47,404,35,635,page_api_users_groups.py
1957,87129,53,244,25,492,token_budget.py
1768,80457,43,146,5,515,worldbook.py
1686,68625,56,140,29,364,final_response_persistence.py
1640,74282,27,939,0,386,photo_wardrobe_decision.py
1631,79883,4,1555,24,378,passive_state_pipeline.py
1630,85213,44,164,17,494,daily_review.py
1600,78203,36,322,7,480,group_wakeup.py
1580,97613,27,288,4,311,planning.py
1579,72148,42,174,0,564,companion/contracts/calendar_contracts.py
1524,71931,55,245,48,385,integration_status.py
1483,68559,50,254,2,365,reaction_asset_library.py
1436,67050,50,78,24,385,atrelay.py
1415,74955,23,377,32,486,scene_context.py
1402,56488,44,169,12,373,config_migration.py
1382,66819,9,287,1,483,page_api_settings.py
1375,65083,34,323,9,301,qzone_schedule.py
1241,62485,30,167,1,135,relationship_account_store.py
1229,58909,37,169,9,385,dreaming.py
1209,58590,24,298,17,253,qzone_publish.py
1188,58033,37,192,13,280,game_integration.py
1175,46271,49,93,7,244,memory_page_snapshot.py
1145,51552,46,139,3,241,agenda_contracts.py
1099,46544,28,111,12,206,companion/integrations/image_companion_bridge.py
1087,41930,40,80,0,224,photo_reference_catalog.py
1085,42350,47,76,8,209,helpers.py
1064,40192,31,48,2,183,persona_config.py
1020,39538,32,146,0,208,photo_prompt_context.py
1019,36273,31,117,6,177,story_handoff.py
1004,41692,27,102,11,217,content_companion_bridge.py
1003,41419,55,120,3,192,story_authority.py
986,38431,57,84,5,159,standalone_webui.py
978,50787,24,112,7,246,group_member_safety.py
975,46117,30,118,6,296,agenda_runtime.py
950,37183,27,112,0,189,reaction_expression.py
917,45776,25,114,6,297,agenda_disclosure_policy.py
889,43304,34,93,1,139,migration_outbox.py
879,44031,43,70,1,170,migration_coordinator.py
867,47419,26,262,7,238,qzone_comments.py
867,37046,29,269,0,202,companion_interaction_expression.py
848,36810,37,84,18,254,qzone_runtime.py
837,38310,28,278,7,244,schedule_reconciler.py
769,37356,21,129,13,245,qzone_media.py
764,28633,33,65,4,141,extension_api_qzone.py
751,36864,24,190,1,218,migration_scoped_projection.py
748,30056,0,0,0,0,constants.py
713,28845,28,108,0,161,relationship_ledger.py
706,29647,29,110,5,178,body_monitor_integration.py
688,32053,26,121,4,192,balance_awareness.py
674,30136,23,89,0,164,unified_profile_service.py
670,29176,30,75,15,147,proactive_chat_runtime_bridge.py
659,27792,21,143,3,140,schedule_authority.py
653,22909,24,116,0,148,segmented_message.py
648,29571,25,61,5,186,self_timeline.py
635,21272,27,79,0,91,story_migration_contract.py
631,22035,23,263,2,126,group_prompt_context.py
595,27024,17,161,0,153,photo_reference_metadata.py
592,24015,43,33,0,50,proactive_routes.py
587,30603,21,105,6,138,migration_replay.py
585,25795,19,80,2,168,qzone_feed.py
578,22681,29,103,2,128,conversation_injection_plan.py
574,20943,32,95,1,155,qzone_recent_parser.py
549,24422,14,277,1,137,bot_personal_dto.py
541,27447,15,169,0,187,calendar_observer.py
532,24814,22,142,14,150,page_api_qzone.py
513,22911,10,183,0,166,photo_reference_selection.py
513,18308,20,109,6,61,persona_sqlite_store.py
483,16755,24,64,0,47,p5_attestation.py
481,23375,13,182,14,154,tts_tool_sanitizer.py
475,23188,14,177,1,126,place_cognitive_map.py
471,20761,17,145,4,100,bot_personal_outbox.py
460,21236,14,56,14,141,busy_reply_gate.py
460,18348,7,242,0,100,migration_source_inspector.py
446,19522,12,79,5,162,astrbot_knowledge.py
442,19981,9,230,2,90,extension_api_relationship.py
421,18172,21,42,0,144,person_context_contract.py
420,15884,19,31,0,92,unified_profile_contract.py
415,16694,17,82,2,84,lab_fixture_adapter.py
402,18052,12,126,0,92,migration_backfill.py
399,16829,14,42,3,122,chronotype.py
395,16136,10,44,8,84,platform_compat.py
394,12455,12,63,0,54,companion/contracts/qzone_contract.py
385,16345,14,121,2,132,unified_agenda.py
369,16873,12,77,1,87,migration_dual_write.py
368,14820,19,42,2,88,runtime_scene_resolver.py
357,16660,18,57,5,82,interaction_utils.py
352,16186,13,123,0,90,diagnostic_envelope.py
342,14155,12,72,8,94,qzone_auth.py
342,12544,8,90,0,63,p5_source_observer.py
340,11789,10,50,0,39,relationship_policy.py
336,13799,4,166,0,56,photo_reference_intent.py
330,15986,7,28,0,29,bot_personal_contract.py
314,13848,8,108,0,32,scripts/sqlite_shadow_verify.py
312,14137,13,47,2,61,user_rest_gate.py
310,10966,5,105,2,64,runtime_config_dispatcher.py
288,13173,15,50,0,35,emotion_diagnostics.py
284,11125,15,39,0,87,daily_state_domains.py
279,10807,13,73,2,26,extension_api_content.py
276,10529,11,62,7,70,companion/integrations/external_bridge_resolver.py
267,10215,15,40,4,47,plugin_lifecycle.py
260,8883,12,40,0,58,scripts/ci_static_checks.py
256,11812,17,51,4,64,companion/integrations/reality_companion_bridge.py
252,11139,5,171,0,93,memo_tool_support.py
248,8368,8,50,0,37,scripts/build_plugin_package.py
245,10375,14,36,0,65,reference_asset_gate.py
242,9776,11,34,0,67,expression_scope_ownership.py
242,8635,4,126,0,50,proactive_delivery_policy.py
240,9243,8,56,1,71,model_routing.py
239,10040,7,111,0,76,memo_notes.py
239,9231,10,55,0,67,qzone_selection.py
235,11278,22,40,5,63,reading_archive.py
228,8092,17,27,0,55,conversation_prompt_section.py
220,8541,10,60,0,50,authoritative_private_memory.py
215,7452,4,77,0,51,photo_reference_plan.py
208,7586,8,51,5,52,group_context_interception.py
200,8864,11,25,0,45,identity_namespace.py
195,10348,7,46,0,76,state_views.py
184,6174,12,43,2,23,desktop_pet_bridge.py
183,7415,12,32,0,50,owned_reaction_asset_catalog.py
181,6807,8,43,0,51,reference_assets.py
179,7667,13,32,0,44,domains/affect/reply_temperature.py
173,7032,14,23,1,7,logging_util.py
171,5624,6,63,2,42,tool_history_sanitizer.py
167,5943,11,35,0,26,prompt_surface.py
162,7793,5,98,3,36,migration_read_router.py
162,6779,8,67,0,27,domains/affect/emotion_event_contract.py
160,5913,4,63,1,51,qzone_json.py
159,6522,8,65,0,44,p4_shadow.py
159,6171,7,43,4,24,nai_image_bridge.py
157,6672,6,75,0,40,activity_capture.py
154,6050,7,48,0,33,context_orchestration.py
153,6077,12,38,0,24,extension_api_scheduler.py
152,6811,8,41,0,25,req041_observability.py
150,5352,8,25,3,46,event_dispatch_core.py
147,5181,3,55,0,18,relationship_affinity_runtime.py
141,6118,9,54,0,30,extension_api_identity.py
141,5840,5,35,0,36,scoped_runtime_view.py
134,6028,4,49,0,47,scoped_domain_contract.py
132,4804,5,51,4,18,runtime_compat.py
126,4811,5,48,1,17,companion/integrations/optional_plugin.py
126,4110,5,26,0,18,relationship_event_policy.py
125,5543,3,59,0,34,domains/affect/interaction_dynamics.py
117,5129,3,31,0,25,namespace_capability.py
108,4154,5,26,0,39,p4_affinity_confinement.py
107,3553,4,37,3,29,private_scope_isolation.py
106,4674,5,40,0,25,p6_four_package_manifest.py
103,3838,7,37,0,13,extension_api_memory.py
102,5021,3,71,0,40,migration_stability.py
102,3272,2,35,0,22,group_cycle_boundary.py
97,3271,4,15,0,8,group_command_system.py
95,4462,1,81,0,19,interaction_query_orchestrator.py
86,2825,2,43,0,20,companion_memory_records.py
85,3612,6,23,0,19,reaction_asset_usage.py
84,2977,5,24,1,14,page_backend/backups.py
80,2495,2,43,0,13,proactive_decision_policy.py
73,2471,4,30,0,11,interaction_tool_contract.py
72,2791,5,33,0,9,reaction_asset_index.py
69,2151,2,31,0,14,photo_generation_scope.py
69,2072,5,8,1,10,plugin_identity.py
64,3047,4,28,1,11,extension_api_diagnostics.py
62,2363,2,33,0,18,domains/affect/emotion_event_ledger.py
61,2468,1,43,0,5,photo_reference_feedback.py
53,1630,0,0,0,0,qzone_integration.py
52,2338,2,22,0,7,p4_runtime_gate.py
51,2053,3,22,0,12,p6_readonly_projection.py
47,1963,1,32,0,9,domains/affect/affect_modulation.py
46,2921,1,35,0,11,domains/affect/emotion_targeting.py
46,1951,2,21,0,10,affect_modulation_contract.py
42,2532,1,34,0,5,memory_context_policy.py
34,1620,4,15,0,9,config_schema.py
31,1310,1,15,0,3,p4_live_runtime.py
27,887,2,9,0,0,p4_b1b_guards.py
25,1268,1,18,0,10,runtime_lookup.py
21,721,1,13,0,2,page_backend/routing.py
21,599,1,12,0,0,qzone_errors.py
20,731,2,2,0,1,external_bridge_resolver.py
18,658,2,2,0,1,reality_companion_bridge.py
18,648,2,2,0,1,image_companion_bridge.py
17,1005,1,11,0,13,config_validation.py
17,635,1,12,0,0,page_backend/logs.py
16,557,2,2,0,1,calendar_contracts.py
16,545,2,2,0,1,qzone_contract.py
15,762,2,3,0,4,config_defaults.py
13,406,0,0,0,0,page_backend/__init__.py
12,667,1,5,0,4,persona_overlay.py
12,276,1,2,0,0,extension_api_image.py
11,388,1,6,0,3,page_backend/validation.py
10,279,0,0,0,0,private_reading.py
8,260,0,0,0,1,agenda_disclosure.py
6,315,0,0,0,1,emotion_event_contract.py
6,309,0,0,0,1,interaction_dynamics.py
6,309,0,0,0,1,emotion_event_ledger.py
6,300,0,0,0,1,reply_temperature.py
6,300,0,0,0,1,emotion_targeting.py
6,300,0,0,0,1,affect_modulation.py
1,82,0,0,0,0,domains/affect/__init__.py
1,66,0,0,0,0,domains/__init__.py
1,25,0,0,0,0,__init__.py
0,0,0,0,0,0,companion/integrations/__init__.py
0,0,0,0,0,0,companion/contracts/__init__.py
0,0,0,0,0,0,companion/__init__.py
